<?xml version="1.0" encoding="UTF-8"?>
<beans xmlns="http://www.springframework.org/schema/beans"
       xmlns:xsi="http://www.w3.org/2001/XMLSchema-instance"
       xmlns:mybatis-spring="http://mybatis.org/schema/mybatis-spring"
       xsi:schemaLocation="http://www.springframework.org/schema/beans
                            http://www.springframework.org/schema/beans/spring-beans.xsd
                            http://mybatis.org/schema/mybatis-spring
                            http://mybatis.org/schema/mybatis-spring.xsd">

    <bean id="hikariConfig" class="com.zaxxer.hikari.HikariConfig">
        <property name="driverClassName" value="com.mysql.cj.jdbc.Driver"/>
        <property name="jdbcUrl" value="jdbc:mysql://localhost:3308/db_user"/>
        <property name="username" value="root"/>
        <property name="password" value="koreait"/>
    </bean>

    <bean id="dataSource" class="com.zaxxer.hikari.HikariDataSource" destroy-method="close">
        <constructor-arg ref="hikariConfig"/>
    </bean>

    <bean id="sqlSessionFactory" class="org.mybatis.spring.SqlSessionFactoryBean">
        <property name="dataSource" ref="dataSource"/>
        <property name="mapperLocations" value="classpath:/mappers/*.xml" />
        <property name="typeAliasesPackage" value="com.kedu.user" />
    </bean>

    <mybatis-spring:scan base-package="com.kedu.user" />

</beans>